{"cameraMode":{"drawMode":0,"name":"Shaded","section":"Shading Mode"},"sceneLighting":false,"audioPlay":false,"sceneViewState":{"m_AlwaysRefresh":false,"showFog":true,"showSkybox":false,"showFlares":true,"showImageEffects":true,"showParticleSystems":true,"showVisualEffectGraphs":true,"m_FxEnabled":true},"in2DMode":false,"pivot":{"x":0.9493220448493958,"y":0.25969380140304568,"z":-0.2044091373682022},"rotation":{"x":-0.12423934787511826,"y":0.22363421320915223,"z":-0.028412368148565294,"w":-0.9661993384361267},"size":0.8660253882408142,"orthographic":false}