{"cameraMode":{"drawMode":0,"name":"Shaded","section":"Shading Mode"},"sceneLighting":false,"audioPlay":false,"sceneViewState":{"m_AlwaysRefresh":false,"showFog":true,"showSkybox":false,"showFlares":true,"showImageEffects":true,"showParticleSystems":true,"showVisualEffectGraphs":true,"m_FxEnabled":true},"in2DMode":false,"pivot":{"x":0.37410780787467959,"y":0.27241262793540957,"z":1.249748706817627},"rotation":{"x":-0.10969960689544678,"y":0.8836387395858765,"z":-0.2575959861278534,"w":-0.3749349117279053},"size":0.8660253882408142,"orthographic":false}